term,tfidf
link,4697.043837467113
service,4692.7034424871035
request,4686.977831994385
scala,4685.039355512476
javascript,4683.881296877237
header,4683.411335030374
navigation,4683.063385255901
java,4681.924198603164
search,4681.245704558449
endpoint,4679.048615746524
html,4678.857655893329
meta,4678.227665674716
error,4675.778437533455
comment,4675.502525119053
network,4675.126918920461
time,4675.084706683928
cloud,4674.066249566325
bow,4673.630653788112
author,4672.199513260897
login,4672.00476010612
description,4671.925960851003
token,4671.571252287844
response,4671.513759992262
data,4671.052966448191
tokenize,4670.999283886192
keyword,4670.595897850035
vector,4669.799868687568
footer,4668.9998453275575
anchor,4667.991465527855
sidebar,4666.982310500726
image,4666.617190450748
neural,4666.5233037646485
spark,4665.6947072899475
css,4664.238202019481
stem,4664.208636351068
user,4663.831872301504
hadoop,4663.620856584205
api,4662.971071041077
video,4662.774093070785
download,4661.3617286837125
news,4660.724962977299
python,4660.062074450027
xml,4659.625831727617
embed,4658.4469937984095
analysis,4657.898014298009
snippet,4657.169776196089
tfidf,4657.035163661644
page,4656.323196961223
crawl,4654.744288757118
extract,4653.8083791996905
